<application>
  <component name="FileTypeManager" version="17">
    <ignoreFiles list="*.hprof;*.pyc;*.pyo;*.rbc;*.yarb;*~;.DS_Store;.git;.hg;.meta;.svn;CVS;__pycache__;_svn;vssver.scc;vssver2.scc;" />
    <extensionMap>
      <mapping pattern=".ideavimrc" type="PLAIN_TEXT" />
      <removed_mapping ext="phtml" approved="true" type="PLAIN_TEXT" />
      <removed_mapping ext="php4" approved="true" type="PLAIN_TEXT" />
      <removed_mapping ext="php" approved="true" type="PLAIN_TEXT" />
      <removed_mapping ext="groovy" approved="true" type="PLAIN_TEXT" />
      <removed_mapping ext="swift" approved="true" type="PLAIN_TEXT" />
      <removed_mapping ext="php5" approved="true" type="PLAIN_TEXT" />
      <removed_mapping ext="phtml" approved="true" type="PLAIN_TEXT" />
      <removed_mapping ext="groovy" approved="true" type="PLAIN_TEXT" />
      <removed_mapping ext="log" approved="true" type="PLAIN_TEXT" />
      <removed_mapping ext="dockerfile" approved="true" type="textmate" />
      <removed_mapping ext="php4" approved="true" type="PLAIN_TEXT" />
      <removed_mapping ext="makefile" approved="true" type="textmate" />
      <removed_mapping ext="php" approved="true" type="PLAIN_TEXT" />
      <removed_mapping ext="php5" approved="true" type="PLAIN_TEXT" />
      <removed_mapping ext="snakefile" approved="true" type="textmate" />
      <removed_mapping ext="swift" approved="true" type="PLAIN_TEXT" />
    </extensionMap>
  </component>
</application>