<application>
  <component name="ActionMacroManager">
    <macro name="Generic">
      <typing text-keycode="44:1;46:1;57:1;48:1">&lt;&gt;()</typing>
      <action id="EditorLeft" />
      <action id="EditorLeft" />
      <action id="EditorLeft" />
    </macro>
    <macro name="Get">
      <typing text-keycode="46:0;71:1;69:0;84:0;44:1;46:1;57:1;48:1;46:0;86:0;65:0;76:0;85:0;69:0">.Get&lt;&gt;().value</typing>
      <action id="EditorPreviousWord" />
      <action id="EditorPreviousWord" />
      <action id="EditorPreviousWord" />
      <action id="EditorPreviousWord" />
      <action id="EditorPreviousWord" />
    </macro>
  </component>
</application>